{"cameraMode":{"drawMode":0,"name":"Shaded","section":"Shading Mode"},"sceneLighting":false,"audioPlay":false,"sceneViewState":{"m_AlwaysRefresh":false,"showFog":true,"showSkybox":false,"showFlares":true,"showImageEffects":true,"showParticleSystems":true,"showVisualEffectGraphs":true,"m_FxEnabled":true},"in2DMode":false,"pivot":{"x":-0.026574134826660157,"y":0.542914092540741,"z":1.2281286716461182},"rotation":{"x":-0.029837924987077714,"y":-0.10236702859401703,"z":0.0030715265311300756,"w":-0.994297206401825},"size":1.8225033283233643,"orthographic":false}