{"cameraMode":{"drawMode":0,"name":"Shaded","section":"Shading Mode"},"sceneLighting":false,"audioPlay":false,"sceneViewState":{"m_AlwaysRefresh":false,"showFog":true,"showSkybox":false,"showFlares":true,"showImageEffects":true,"showParticleSystems":true,"showVisualEffectGraphs":true,"m_FxEnabled":true},"in2DMode":false,"pivot":{"x":-2.4416909217834474,"y":-0.657139778137207,"z":-2.431868553161621},"rotation":{"x":-0.48818108439445498,"y":0.0020996564999222757,"z":-0.0011759272310882807,"w":-0.872752845287323},"size":6.448182106018066,"orthographic":false}