{"cameraMode":{"drawMode":0,"name":"Shaded","section":"Shading Mode"},"sceneLighting":false,"audioPlay":false,"sceneViewState":{"m_AlwaysRefresh":false,"showFog":true,"showSkybox":false,"showFlares":true,"showImageEffects":true,"showParticleSystems":true,"showVisualEffectGraphs":true,"m_FxEnabled":true},"in2DMode":false,"pivot":{"x":-0.14681625366210938,"y":-0.0642998218536377,"z":-0.4187498092651367},"rotation":{"x":-0.48005226254463198,"y":-0.35795074701309206,"z":0.22341938316822053,"w":-0.7691094279289246},"size":5.974450588226318,"orthographic":false}