{"cameraMode":{"drawMode":0,"name":"Shaded","section":"Shading Mode"},"sceneLighting":false,"audioPlay":false,"sceneViewState":{"m_AlwaysRefresh":false,"showFog":true,"showSkybox":false,"showFlares":true,"showImageEffects":true,"showParticleSystems":true,"showVisualEffectGraphs":true,"m_FxEnabled":true},"in2DMode":false,"pivot":{"x":-0.17555713653564454,"y":0.18581771850585938,"z":0.19176030158996583},"rotation":{"x":-0.48005226254463198,"y":-0.35795074701309206,"z":0.22341938316822053,"w":-0.7691094279289246},"size":4.1050310134887699,"orthographic":false}