{"cameraMode":{"drawMode":0,"name":"Shaded","section":"Shading Mode"},"sceneLighting":false,"audioPlay":false,"sceneViewState":{"m_AlwaysRefresh":false,"showFog":true,"showSkybox":false,"showFlares":true,"showImageEffects":true,"showParticleSystems":true,"showVisualEffectGraphs":true,"m_FxEnabled":true},"in2DMode":false,"pivot":{"x":0.03481006622314453,"y":0.001016378402709961,"z":-0.08339214324951172},"rotation":{"x":0.2894607484340668,"y":-0.10511817783117295,"z":0.03202180191874504,"w":0.9508899450302124},"size":9.727336883544922,"orthographic":true}