{"cameraMode":{"drawMode":0,"name":"Shaded","section":"Shading Mode"},"sceneLighting":false,"audioPlay":false,"sceneViewState":{"m_AlwaysRefresh":false,"showFog":true,"showSkybox":false,"showFlares":true,"showImageEffects":true,"showParticleSystems":true,"showVisualEffectGraphs":true,"m_FxEnabled":true},"in2DMode":false,"pivot":{"x":-0.8546656370162964,"y":7.024949550628662,"z":-1.5960429906845093},"rotation":{"x":0.2522231340408325,"y":0.015399215742945671,"z":-0.003944270312786102,"w":0.9675702452659607},"size":8.064126014709473,"orthographic":true}