{"cameraMode":{"drawMode":0,"name":"Shaded","section":"Shading Mode"},"sceneLighting":false,"audioPlay":false,"sceneViewState":{"m_AlwaysRefresh":false,"showFog":true,"showSkybox":false,"showFlares":true,"showImageEffects":true,"showParticleSystems":true,"showVisualEffectGraphs":true,"m_FxEnabled":true},"in2DMode":false,"pivot":{"x":-0.1342468559741974,"y":0.4238007068634033,"z":-0.01859593391418457},"rotation":{"x":-0.09278599917888642,"y":-0.9015255570411682,"z":0.2407914698123932,"w":-0.34739407896995547},"size":3.1289520263671877,"orthographic":true}