{"cameraMode":{"drawMode":0,"name":"Shaded","section":"Shading Mode"},"sceneLighting":false,"audioPlay":false,"sceneViewState":{"m_AlwaysRefresh":false,"showFog":true,"showSkybox":false,"showFlares":true,"showImageEffects":true,"showParticleSystems":true,"showVisualEffectGraphs":true,"m_FxEnabled":true},"in2DMode":false,"pivot":{"x":-3.3275339603424074,"y":1.5948171615600587,"z":-0.013066228479146958},"rotation":{"x":-0.19173258543014527,"y":0.12012108415365219,"z":-0.023600859567523004,"w":-0.9738039374351502},"size":3.4333481788635256,"orthographic":true}