{"cameraMode":{"drawMode":0,"name":"Shaded","section":"Shading Mode"},"sceneLighting":false,"audioPlay":false,"sceneViewState":{"m_AlwaysRefresh":false,"showFog":true,"showSkybox":false,"showFlares":true,"showImageEffects":true,"showParticleSystems":true,"showVisualEffectGraphs":true,"m_FxEnabled":true},"in2DMode":false,"pivot":{"x":-245.96270751953126,"y":73.22140502929688,"z":158.62376403808595},"rotation":{"x":0.10438897460699082,"y":0.0887870267033577,"z":-0.009356518276035786,"w":0.9905246496200562},"size":195.3890380859375,"orthographic":true}