{"cameraMode":{"drawMode":0,"name":"Shaded","section":"Shading Mode"},"sceneLighting":false,"audioPlay":false,"sceneViewState":{"m_AlwaysRefresh":false,"showFog":true,"showSkybox":false,"showFlares":true,"showImageEffects":true,"showParticleSystems":true,"showVisualEffectGraphs":true,"m_FxEnabled":true},"in2DMode":false,"pivot":{"x":-0.14681625366210938,"y":-0.06429976224899292,"z":-0.4187498092651367},"rotation":{"x":0.0018144631758332253,"y":-0.9980692863464356,"z":0.050946105271577838,"w":0.035640403628349307},"size":4.864245414733887,"orthographic":true}