{"cameraMode":{"drawMode":0,"name":"Shaded","section":"Shading Mode"},"sceneLighting":false,"audioPlay":false,"sceneViewState":{"m_AlwaysRefresh":false,"showFog":true,"showSkybox":false,"showFlares":true,"showImageEffects":true,"showParticleSystems":true,"showVisualEffectGraphs":true,"m_FxEnabled":true},"in2DMode":false,"pivot":{"x":0.009609371423721314,"y":-0.007367834448814392,"z":0.01082921028137207},"rotation":{"x":-0.14306984841823579,"y":0.07739235460758209,"z":0.011164150200784207,"w":0.9866406321525574},"size":0.43411770462989809,"orthographic":true}