{"cameraMode":{"drawMode":0,"name":"Shaded","section":"Shading Mode"},"sceneLighting":false,"audioPlay":false,"sceneViewState":{"m_AlwaysRefresh":false,"showFog":true,"showSkybox":false,"showFlares":true,"showImageEffects":true,"showParticleSystems":true,"showVisualEffectGraphs":true,"m_FxEnabled":true},"in2DMode":false,"pivot":{"x":-0.4910735487937927,"y":0.11743497848510742,"z":-0.07614850997924805},"rotation":{"x":0.0018144631758332253,"y":-0.9980692863464356,"z":0.050946105271577838,"w":0.035640403628349307},"size":3.9212076663970949,"orthographic":true}