{"cameraMode":{"drawMode":0,"name":"Shaded","section":"Shading Mode"},"sceneLighting":false,"audioPlay":false,"sceneViewState":{"m_AlwaysRefresh":false,"showFog":true,"showSkybox":false,"showFlares":true,"showImageEffects":true,"showParticleSystems":true,"showVisualEffectGraphs":true,"m_FxEnabled":true},"in2DMode":false,"pivot":{"x":0.19016695022583009,"y":0.20551133155822755,"z":0.11556816101074219},"rotation":{"x":0.0018144631758332253,"y":-0.9980692863464356,"z":0.050946105271577838,"w":0.035640403628349307},"size":5.480261325836182,"orthographic":true}