{"cameraMode":{"drawMode":0,"name":"Shaded","section":"Shading Mode"},"sceneLighting":false,"audioPlay":false,"sceneViewState":{"m_AlwaysRefresh":false,"showFog":true,"showSkybox":false,"showFlares":true,"showImageEffects":true,"showParticleSystems":true,"showVisualEffectGraphs":true,"m_FxEnabled":true},"in2DMode":false,"pivot":{"x":0.2390124797821045,"y":0.2935829162597656,"z":-0.8721294403076172},"rotation":{"x":0.007276715245097876,"y":-0.9837905764579773,"z":0.17445021867752076,"w":0.04104246944189072},"size":3.7895472049713136,"orthographic":true}